# system info altclk_global_ip on 2021.09.04.17:26:40
system_info:
name,value
DEVICE,10AX048H4F34I3SG
DEVICE_FAMILY,Arria 10
GENERATION_ID,0
#
#
# Files generated for altclk_global_ip on 2021.09.04.17:26:40
files:
filepath,kind,attributes,module,is_top
sim/altclk_global_ip.v,VERILOG,CONTAINS_INLINE_CONFIGURATION,altclk_global_ip,true
altclkctrl_2000/sim/altclk_global_ip_altclkctrl_2000_dpnsueq.v,VERILOG,,altclk_global_ip_altclkctrl_2000_dpnsueq,false
#
# Map from instance-path to kind of module
instances:
instancePath,module
altclk_global_ip.altclkctrl_0,altclk_global_ip_altclkctrl_2000_dpnsueq
