<?xml version="1.0" encoding="UTF-8"?>
<deploy
 date="2021.09.04.17:26:43"
 outputDirectory="E:/workspace/quartus/pro_21/test_workspace/ad_ch2/altclk_global_ip/">
 <perimeter>
  <parameter
     name="AUTO_GENERATION_ID"
     type="Integer"
     defaultValue="0"
     onHdl="0"
     affectsHdl="1" />
  <parameter
     name="AUTO_UNIQUE_ID"
     type="String"
     defaultValue=""
     onHdl="0"
     affectsHdl="1" />
  <parameter
     name="AUTO_DEVICE_FAMILY"
     type="String"
     defaultValue="Arria 10"
     onHdl="0"
     affectsHdl="1" />
  <parameter
     name="AUTO_DEVICE"
     type="String"
     defaultValue="10AX048H4F34I3SG"
     onHdl="0"
     affectsHdl="1" />
  <parameter
     name="AUTO_DEVICE_SPEEDGRADE"
     type="String"
     defaultValue="3"
     onHdl="0"
     affectsHdl="1" />
  <parameter
     name="AUTO_INCLK_CLOCK_RATE"
     type="Long"
     defaultValue="-1"
     onHdl="0"
     affectsHdl="1" />
  <parameter
     name="AUTO_INCLK_CLOCK_DOMAIN"
     type="Integer"
     defaultValue="-1"
     onHdl="0"
     affectsHdl="1" />
  <parameter
     name="AUTO_INCLK_RESET_DOMAIN"
     type="Integer"
     defaultValue="-1"
     onHdl="0"
     affectsHdl="1" />
  <interface name="inclk" kind="clock" start="0">
   <property name="clockRate" value="0" />
   <property name="externallyDriven" value="false" />
   <property name="ptfSchematicName" value="" />
   <port name="inclk" direction="input" role="clk" width="1" />
  </interface>
  <interface name="outclk" kind="clock" start="1">
   <property name="associatedDirectClock" value="" />
   <property name="clockRate" value="0" />
   <property name="clockRateKnown" value="false" />
   <property name="externallyDriven" value="false" />
   <property name="ptfSchematicName" value="" />
   <port name="outclk" direction="output" role="clk" width="1" />
  </interface>
 </perimeter>
 <entity kind="altclk_global_ip" version="1.0" name="altclk_global_ip">
  <parameter name="AUTO_INCLK_RESET_DOMAIN" value="-1" />
  <parameter name="AUTO_INCLK_CLOCK_DOMAIN" value="-1" />
  <parameter name="AUTO_GENERATION_ID" value="0" />
  <parameter name="AUTO_DEVICE" value="10AX048H4F34I3SG" />
  <parameter name="AUTO_DEVICE_FAMILY" value="Arria 10" />
  <parameter name="AUTO_INCLK_CLOCK_RATE" value="-1" />
  <parameter name="AUTO_UNIQUE_ID" value="" />
  <parameter name="AUTO_DEVICE_SPEEDGRADE" value="3" />
  <generatedFiles>
   <file
       path="E:\workspace\quartus\pro_21\test_workspace\ad_ch2\altclk_global_ip\synth\altclk_global_ip.v"
       attributes="CONTAINS_INLINE_CONFIGURATION" />
  </generatedFiles>
  <childGeneratedFiles>
   <file
       path="E:\workspace\quartus\pro_21\test_workspace\ad_ch2\altclk_global_ip\synth\altclk_global_ip.v"
       attributes="CONTAINS_INLINE_CONFIGURATION" />
  </childGeneratedFiles>
  <sourceFiles>
   <file
       path="E:/workspace/quartus/pro_21/test_workspace/ad_ch2/altclk_global_ip.ip" />
  </sourceFiles>
  <childSourceFiles>
   <file
       path="E:/work/intelfpga_pro/21.1/ip/altera/megafunctions/altclkctrl/altclkctrl_hw.tcl" />
  </childSourceFiles>
  <messages>
   <message level="Info" culprit="altclk_global_ip">"Generating: altclk_global_ip"</message>
   <message level="Info" culprit="altclk_global_ip">"Generating: altclk_global_ip_altclkctrl_2000_dpnsueq"</message>
   <message level="Info" culprit="altclkctrl_0">Generating top-level entity altclk_global_ip_altclkctrl_2000_dpnsueq.</message>
   <message level="Debug" culprit="altclkctrl_0">Current quartus bindir: E:/work/intelfpga_pro/21.1/quartus/bin64/.</message>
  </messages>
 </entity>
 <entity
   kind="altclkctrl"
   version="20.0.0"
   name="altclk_global_ip_altclkctrl_2000_dpnsueq">
  <parameter name="NUMBER_OF_CLOCKS" value="1" />
  <parameter name="USE_GLITCH_FREE_SWITCH_OVER_IMPLEMENTATION" value="false" />
  <parameter name="GUI_USE_ENA" value="false" />
  <parameter name="DEVICE_FAMILY" value="Arria 10" />
  <parameter name="ENA_REGISTER_MODE" value="1" />
  <parameter name="CLOCK_TYPE" value="1" />
  <generatedFiles>
   <file
       path="E:\workspace\quartus\pro_21\test_workspace\ad_ch2\altclk_global_ip\altclkctrl_2000\synth\altclk_global_ip_altclkctrl_2000_dpnsueq.v"
       attributes="" />
  </generatedFiles>
  <childGeneratedFiles>
   <file
       path="E:\workspace\quartus\pro_21\test_workspace\ad_ch2\altclk_global_ip\altclkctrl_2000\synth\altclk_global_ip_altclkctrl_2000_dpnsueq.v"
       attributes="" />
  </childGeneratedFiles>
  <sourceFiles>
   <file
       path="E:/work/intelfpga_pro/21.1/ip/altera/megafunctions/altclkctrl/altclkctrl_hw.tcl" />
  </sourceFiles>
  <childSourceFiles/>
  <instantiator instantiator="altclk_global_ip" as="altclkctrl_0" />
  <messages>
   <message level="Info" culprit="altclk_global_ip">"Generating: altclk_global_ip_altclkctrl_2000_dpnsueq"</message>
   <message level="Info" culprit="altclkctrl_0">Generating top-level entity altclk_global_ip_altclkctrl_2000_dpnsueq.</message>
   <message level="Debug" culprit="altclkctrl_0">Current quartus bindir: E:/work/intelfpga_pro/21.1/quartus/bin64/.</message>
  </messages>
 </entity>
</deploy>
