# system info gpio_differ on 2021.08.17.21:33:19
system_info:
name,value
DEVICE,10AX048H4F34I3SG
DEVICE_FAMILY,Arria 10
GENERATION_ID,0
#
#
# Files generated for gpio_differ on 2021.08.17.21:33:19
files:
filepath,kind,attributes,module,is_top
sim/gpio_differ.v,VERILOG,CONTAINS_INLINE_CONFIGURATION,gpio_differ,true
altera_gpio_2000/sim/gpio_differ_altera_gpio_2000_scrnsbi.v,VERILOG,CONTAINS_INLINE_CONFIGURATION,gpio_differ_altera_gpio_2000_scrnsbi,false
altera_gpio_core20_2000/sim/altera_gpio.sv,SYSTEM_VERILOG,,altera_gpio,false
#
# Map from instance-path to kind of module
instances:
instancePath,module
gpio_differ.gpio_0,gpio_differ_altera_gpio_2000_scrnsbi
gpio_differ.gpio_0.core,altera_gpio
