# system info mult_add_ip on 2021.11.10.15:49:02
system_info:
name,value
DEVICE,10AX048H4F34I3SG
DEVICE_FAMILY,Arria 10
GENERATION_ID,0
#
#
# Files generated for mult_add_ip on 2021.11.10.15:49:02
files:
filepath,kind,attributes,module,is_top
sim/mult_add_ip.v,VERILOG,CONTAINS_INLINE_CONFIGURATION,mult_add_ip,true
altera_mult_add_1920/sim/mult_add_ip_altera_mult_add_1920_ytpliny.v,VERILOG,,mult_add_ip_altera_mult_add_1920_ytpliny,false
#
# Map from instance-path to kind of module
instances:
instancePath,module
mult_add_ip.mult_add_0,mult_add_ip_altera_mult_add_1920_ytpliny
