# system info rff_i32o32d1k on 2021.08.18.10:33:19
system_info:
name,value
DEVICE,10AX048H4F34I3SG
DEVICE_FAMILY,Arria 10
GENERATION_ID,0
#
#
# Files generated for rff_i32o32d1k on 2021.08.18.10:33:19
files:
filepath,kind,attributes,module,is_top
sim/rff_i32o32d1k.v,VERILOG,CONTAINS_INLINE_CONFIGURATION,rff_i32o32d1k,true
fifo_1910/sim/rff_i32o32d1k_fifo_1910_bpzeopq.v,VERILOG,,rff_i32o32d1k_fifo_1910_bpzeopq,false
fifo_1910/sim/rff_i32o32d1k_fifo_1910_bpzeopq.sdc,SDC_ENTITY,NO_AUTO_INSTANCE_DISCOVERY NO_SDC_PROMOTION,rff_i32o32d1k_fifo_1910_bpzeopq,false
#
# Map from instance-path to kind of module
instances:
instancePath,module
rff_i32o32d1k.fifo_0,rff_i32o32d1k_fifo_1910_bpzeopq
