# system info gpio_ddio8_ip on 2021.08.17.21:44:56
system_info:
name,value
DEVICE,10AX048H4F34I3SG
DEVICE_FAMILY,Arria 10
GENERATION_ID,0
#
#
# Files generated for gpio_ddio8_ip on 2021.08.17.21:44:56
files:
filepath,kind,attributes,module,is_top
sim/gpio_ddio8_ip.v,VERILOG,CONTAINS_INLINE_CONFIGURATION,gpio_ddio8_ip,true
altera_gpio_2000/sim/gpio_ddio8_ip_altera_gpio_2000_ybodqpq.v,VERILOG,CONTAINS_INLINE_CONFIGURATION,gpio_ddio8_ip_altera_gpio_2000_ybodqpq,false
altera_gpio_core20_2000/sim/altera_gpio.sv,SYSTEM_VERILOG,,altera_gpio,false
#
# Map from instance-path to kind of module
instances:
instancePath,module
gpio_ddio8_ip.gpio_0,gpio_ddio8_ip_altera_gpio_2000_ybodqpq
gpio_ddio8_ip.gpio_0.core,altera_gpio
