<?xml version="1.0" encoding="UTF-8"?>
<deploy
 date="2021.08.17.21:44:58"
 outputDirectory="E:/workspace/quartus/pro_21/ad_ch2/gpio_ddio8_ip/">
 <perimeter>
  <parameter
     name="AUTO_GENERATION_ID"
     type="Integer"
     defaultValue="0"
     onHdl="0"
     affectsHdl="1" />
  <parameter
     name="AUTO_UNIQUE_ID"
     type="String"
     defaultValue=""
     onHdl="0"
     affectsHdl="1" />
  <parameter
     name="AUTO_DEVICE_FAMILY"
     type="String"
     defaultValue="Arria 10"
     onHdl="0"
     affectsHdl="1" />
  <parameter
     name="AUTO_DEVICE"
     type="String"
     defaultValue="10AX048H4F34I3SG"
     onHdl="0"
     affectsHdl="1" />
  <parameter
     name="AUTO_DEVICE_SPEEDGRADE"
     type="String"
     defaultValue="3"
     onHdl="0"
     affectsHdl="1" />
  <interface name="ck" kind="conduit" start="0">
   <property name="associatedClock" value="" />
   <property name="associatedReset" value="" />
   <property name="prSafe" value="false" />
   <port name="ck" direction="input" role="export" width="1" />
  </interface>
  <interface name="dataout_h" kind="conduit" start="0">
   <property name="associatedClock" value="" />
   <property name="associatedReset" value="" />
   <property name="prSafe" value="false" />
   <port name="dataout_h" direction="output" role="fragment" width="8" />
  </interface>
  <interface name="dataout_l" kind="conduit" start="0">
   <property name="associatedClock" value="" />
   <property name="associatedReset" value="" />
   <property name="prSafe" value="false" />
   <port name="dataout_l" direction="output" role="fragment" width="8" />
  </interface>
  <interface name="pad_in" kind="conduit" start="0">
   <property name="associatedClock" value="" />
   <property name="associatedReset" value="" />
   <property name="prSafe" value="false" />
   <port name="datain" direction="input" role="export" width="8" />
  </interface>
  <interface name="pad_in_b" kind="conduit" start="0">
   <property name="associatedClock" value="" />
   <property name="associatedReset" value="" />
   <property name="prSafe" value="false" />
   <port name="pad_in_b" direction="input" role="export" width="8" />
  </interface>
  <interface name="aset" kind="conduit" start="0">
   <property name="associatedClock" value="" />
   <property name="associatedReset" value="" />
   <property name="prSafe" value="false" />
   <port name="aset" direction="input" role="export" width="1" />
  </interface>
 </perimeter>
 <entity kind="gpio_ddio8_ip" version="1.0" name="gpio_ddio8_ip">
  <parameter name="AUTO_GENERATION_ID" value="0" />
  <parameter name="AUTO_DEVICE" value="10AX048H4F34I3SG" />
  <parameter name="AUTO_DEVICE_FAMILY" value="Arria 10" />
  <parameter name="AUTO_UNIQUE_ID" value="" />
  <parameter name="AUTO_DEVICE_SPEEDGRADE" value="3" />
  <generatedFiles>
   <file
       path="E:\workspace\quartus\pro_21\ad_ch2\gpio_ddio8_ip\synth\gpio_ddio8_ip.v"
       attributes="CONTAINS_INLINE_CONFIGURATION" />
  </generatedFiles>
  <childGeneratedFiles>
   <file
       path="E:\workspace\quartus\pro_21\ad_ch2\gpio_ddio8_ip\synth\gpio_ddio8_ip.v"
       attributes="CONTAINS_INLINE_CONFIGURATION" />
  </childGeneratedFiles>
  <sourceFiles>
   <file path="E:/workspace/quartus/pro_21/ad_ch2/gpio_ddio8_ip.ip" />
  </sourceFiles>
  <childSourceFiles>
   <file
       path="E:/work/intelfpga_pro/21.1/ip/altera/altera_gpio/altera_gpio_top/altera_gpio_hw.tcl" />
   <file
       path="E:/work/intelfpga_pro/21.1/ip/altera/altera_gpio/altera_gpio_core20/altera_gpio_core_hw.tcl" />
  </childSourceFiles>
  <messages>
   <message level="Info" culprit="gpio_ddio8_ip">"Generating: gpio_ddio8_ip"</message>
   <message level="Info" culprit="gpio_ddio8_ip">"Generating: gpio_ddio8_ip_altera_gpio_2000_ybodqpq"</message>
   <message level="Info" culprit="gpio_ddio8_ip">"Generating: altera_gpio"</message>
  </messages>
 </entity>
 <entity
   kind="altera_gpio"
   version="20.0.0"
   name="gpio_ddio8_ip_altera_gpio_2000_ybodqpq">
  <parameter name="BUS_HOLD" value="false" />
  <parameter name="EXT_DRIVER_PARAM" value="false" />
  <parameter name="ENABLE_TERM" value="false" />
  <parameter name="PIN_TYPE" value="input" />
  <parameter name="gui_use_oe_off_shadow" value="false" />
  <parameter name="gui_io_reg_mode" value="DDIO" />
  <parameter name="OPEN_DRAIN" value="false" />
  <parameter name="device_family" value="Arria 10" />
  <parameter name="PIN_TYPE_GUI" value="Input" />
  <parameter name="gui_diff_buff" value="true" />
  <parameter name="gui_bus_hold_shadow" value="false" />
  <parameter name="gui_separate_io_clks" value="false" />
  <parameter name="gui_separate_io_clks_off_shadow" value="false" />
  <parameter name="gui_enable_termination_ports_shadow" value="false" />
  <parameter name="gui_pseudo_diff_on_shadow" value="true" />
  <parameter name="SEPARATE_I_O_CLOCKS" value="false" />
  <parameter name="gui_pseudo_diff_off_shadow" value="false" />
  <parameter name="gui_enable_termination_ports" value="false" />
  <parameter name="gui_areset_mode_off_shadow" value="None" />
  <parameter name="gui_enable_cke_off_shadow" value="false" />
  <parameter name="REGISTER_MODE" value="ddr" />
  <parameter name="gui_use_oe" value="false" />
  <parameter name="gui_sreset_mode" value="None" />
  <parameter name="gui_enable_migratable_port_names" value="true" />
  <parameter name="gui_sreset_mode_off_shadow" value="None" />
  <parameter name="ENABLE_OE" value="false" />
  <parameter name="GENERATE_SDC_FILE" value="false" />
  <parameter name="gui_pseudo_diff" value="false" />
  <parameter name="SRESET_MODE" value="none" />
  <parameter name="IP_MIGRATE_PORT_MAP_FILE" value="altddio_bidir_port_map.csv" />
  <parameter name="SIZE" value="8" />
  <parameter name="BUFFER_TYPE" value="differential" />
  <parameter name="PSEUDO_DIFF" value="false" />
  <parameter name="gui_use_oe_on_shadow" value="true" />
  <parameter name="gui_open_drain_shadow" value="false" />
  <parameter name="gui_hr_logic" value="false" />
  <parameter name="SYS_INFO_DEVICE" value="10AX048H4F34I3SG" />
  <parameter name="AUTO_DEVICE_SPEEDGRADE" value="3" />
  <parameter name="gui_enable_cke" value="false" />
  <parameter name="gui_hr_logic_off_shadow" value="false" />
  <parameter name="ENABLE_CKE" value="false" />
  <parameter name="HALF_RATE" value="false" />
  <parameter name="gui_areset_mode" value="Preset" />
  <parameter name="gui_bus_hold" value="false" />
  <parameter name="ARESET_MODE" value="preset" />
  <parameter name="gui_open_drain" value="false" />
  <generatedFiles>
   <file
       path="E:\workspace\quartus\pro_21\ad_ch2\gpio_ddio8_ip\altera_gpio_2000\synth\gpio_ddio8_ip_altera_gpio_2000_ybodqpq.v"
       attributes="CONTAINS_INLINE_CONFIGURATION" />
  </generatedFiles>
  <childGeneratedFiles>
   <file
       path="E:\workspace\quartus\pro_21\ad_ch2\gpio_ddio8_ip\altera_gpio_2000\synth\gpio_ddio8_ip_altera_gpio_2000_ybodqpq.v"
       attributes="CONTAINS_INLINE_CONFIGURATION" />
  </childGeneratedFiles>
  <sourceFiles>
   <file
       path="E:/work/intelfpga_pro/21.1/ip/altera/altera_gpio/altera_gpio_top/altera_gpio_hw.tcl" />
  </sourceFiles>
  <childSourceFiles>
   <file
       path="E:/work/intelfpga_pro/21.1/ip/altera/altera_gpio/altera_gpio_core20/altera_gpio_core_hw.tcl" />
  </childSourceFiles>
  <instantiator instantiator="gpio_ddio8_ip" as="gpio_0" />
  <messages>
   <message level="Info" culprit="gpio_ddio8_ip">"Generating: gpio_ddio8_ip_altera_gpio_2000_ybodqpq"</message>
   <message level="Info" culprit="gpio_ddio8_ip">"Generating: altera_gpio"</message>
  </messages>
 </entity>
 <entity kind="altera_gpio_core20" version="20.0.0" name="altera_gpio">
  <parameter name="BUS_HOLD" value="false" />
  <parameter name="EXT_DRIVER_PARAM" value="false" />
  <parameter name="ENABLE_TERM" value="false" />
  <parameter name="PIN_TYPE" value="input" />
  <parameter name="gui_use_oe_off_shadow" value="false" />
  <parameter name="gui_io_reg_mode" value="DDIO" />
  <parameter name="OPEN_DRAIN" value="false" />
  <parameter name="device_family" value="Arria 10" />
  <parameter name="PIN_TYPE_GUI" value="Input" />
  <parameter name="gui_diff_buff" value="true" />
  <parameter name="gui_bus_hold_shadow" value="false" />
  <parameter name="gui_separate_io_clks" value="false" />
  <parameter name="gui_separate_io_clks_off_shadow" value="false" />
  <parameter name="gui_enable_termination_ports_shadow" value="false" />
  <parameter name="gui_pseudo_diff_on_shadow" value="true" />
  <parameter name="SEPARATE_I_O_CLOCKS" value="false" />
  <parameter name="gui_pseudo_diff_off_shadow" value="false" />
  <parameter name="gui_enable_termination_ports" value="false" />
  <parameter name="gui_areset_mode_off_shadow" value="None" />
  <parameter name="gui_enable_cke_off_shadow" value="false" />
  <parameter name="REGISTER_MODE" value="ddr" />
  <parameter name="gui_use_oe" value="false" />
  <parameter name="gui_sreset_mode" value="None" />
  <parameter name="gui_enable_migratable_port_names" value="true" />
  <parameter name="gui_sreset_mode_off_shadow" value="None" />
  <parameter name="ENABLE_OE" value="false" />
  <parameter name="GENERATE_SDC_FILE" value="false" />
  <parameter name="gui_pseudo_diff" value="false" />
  <parameter name="SRESET_MODE" value="none" />
  <parameter name="IP_MIGRATE_PORT_MAP_FILE" value="altddio_bidir_port_map.csv" />
  <parameter name="SIZE" value="8" />
  <parameter name="BUFFER_TYPE" value="differential" />
  <parameter name="PSEUDO_DIFF" value="false" />
  <parameter name="gui_use_oe_on_shadow" value="true" />
  <parameter name="gui_open_drain_shadow" value="false" />
  <parameter name="gui_hr_logic" value="false" />
  <parameter name="SYS_INFO_DEVICE" value="10AX048H4F34I3SG" />
  <parameter name="gui_enable_cke" value="false" />
  <parameter name="gui_hr_logic_off_shadow" value="false" />
  <parameter name="ENABLE_CKE" value="false" />
  <parameter name="HALF_RATE" value="false" />
  <parameter name="gui_areset_mode" value="Preset" />
  <parameter name="gui_bus_hold" value="false" />
  <parameter name="ARESET_MODE" value="preset" />
  <parameter name="gui_open_drain" value="false" />
  <generatedFiles>
   <file
       path="E:\workspace\quartus\pro_21\ad_ch2\gpio_ddio8_ip\altera_gpio_core20_2000\synth\altera_gpio.sv"
       attributes="" />
  </generatedFiles>
  <childGeneratedFiles>
   <file
       path="E:\workspace\quartus\pro_21\ad_ch2\gpio_ddio8_ip\altera_gpio_core20_2000\synth\altera_gpio.sv"
       attributes="" />
  </childGeneratedFiles>
  <sourceFiles>
   <file
       path="E:/work/intelfpga_pro/21.1/ip/altera/altera_gpio/altera_gpio_core20/altera_gpio_core_hw.tcl" />
  </sourceFiles>
  <childSourceFiles/>
  <instantiator instantiator="gpio_ddio8_ip_altera_gpio_2000_ybodqpq" as="core" />
  <messages>
   <message level="Info" culprit="gpio_ddio8_ip">"Generating: altera_gpio"</message>
  </messages>
 </entity>
</deploy>
