# system info iopll_ip on 2021.08.18.09:34:26
system_info:
name,value
DEVICE,10AX048H4F34I3SG
DEVICE_FAMILY,Arria 10
GENERATION_ID,0
#
#
# Files generated for iopll_ip on 2021.08.18.09:34:26
files:
filepath,kind,attributes,module,is_top
sim/iopll_ip.v,VERILOG,CONTAINS_INLINE_CONFIGURATION,iopll_ip,true
altera_iopll_1931/sim/iopll_ip_altera_iopll_1931_4k4rfji.vo,VERILOG,,iopll_ip_altera_iopll_1931_4k4rfji,false
#
# Map from instance-path to kind of module
instances:
instancePath,module
iopll_ip.iopll_0,iopll_ip_altera_iopll_1931_4k4rfji
