<?xml version="1.0" encoding="UTF-8"?>
<deploy
 date="2021.08.19.09:53:24"
 outputDirectory="E:/workspace/quartus/pro_21/ad_ch2/qdb/.t/611db9835cb3.tmp/.temp/sld_fabrics/ipgen/alt_sld_fab_0/alt_sld_fab_0/">
 <perimeter>
  <parameter
     name="AUTO_GENERATION_ID"
     type="Integer"
     defaultValue="0"
     onHdl="0"
     affectsHdl="1" />
  <parameter
     name="AUTO_UNIQUE_ID"
     type="String"
     defaultValue=""
     onHdl="0"
     affectsHdl="1" />
  <parameter
     name="AUTO_DEVICE_FAMILY"
     type="String"
     defaultValue="Arria 10"
     onHdl="0"
     affectsHdl="1" />
  <parameter
     name="AUTO_DEVICE"
     type="String"
     defaultValue="10AX048H4F34I3SG"
     onHdl="0"
     affectsHdl="1" />
  <parameter
     name="AUTO_DEVICE_SPEEDGRADE"
     type="String"
     defaultValue="3"
     onHdl="0"
     affectsHdl="1" />
 </perimeter>
 <entity kind="alt_sld_fab_0" version="1.0" name="alt_sld_fab_0">
  <parameter name="AUTO_GENERATION_ID" value="0" />
  <parameter name="AUTO_DEVICE" value="10AX048H4F34I3SG" />
  <parameter name="AUTO_DEVICE_FAMILY" value="Arria 10" />
  <parameter name="AUTO_UNIQUE_ID" value="" />
  <parameter name="AUTO_DEVICE_SPEEDGRADE" value="3" />
  <generatedFiles>
   <file
       path="E:\workspace\quartus\pro_21\ad_ch2\qdb\.t\611db9835cb3.tmp\.temp\sld_fabrics\ipgen\alt_sld_fab_0\alt_sld_fab_0\synth\alt_sld_fab_0.v"
       attributes="CONTAINS_INLINE_CONFIGURATION" />
  </generatedFiles>
  <childGeneratedFiles>
   <file
       path="E:\workspace\quartus\pro_21\ad_ch2\qdb\.t\611db9835cb3.tmp\.temp\sld_fabrics\ipgen\alt_sld_fab_0\alt_sld_fab_0\synth\alt_sld_fab_0.v"
       attributes="CONTAINS_INLINE_CONFIGURATION" />
  </childGeneratedFiles>
  <sourceFiles>
   <file
       path="E:/workspace/quartus/pro_21/ad_ch2/qdb/.t/611db9835cb3.tmp/.temp/sld_fabrics/ipgen/alt_sld_fab_0/alt_sld_fab_0.ip" />
  </sourceFiles>
  <childSourceFiles>
   <file
       path="E:/workspace/quartus/pro_21/ad_ch2/qdb/.t/611db9835cb3.tmp/.temp/sld_fabrics/ipgen/alt_sld_fab_0/alt_sld_fab_wrapper_hw.tcl" />
   <file
       path="E:/work/intelfpga_pro/21.1/ip/altera/sld/core/altera_instrumentation_fabric/alt_sld_fab_hw.tcl" />
   <file
       path="E:/work/intelFPGA_pro/21.1/ip/altera/sld/core/altera_instrumentation_fabric/com.altera.superfabric.jar" />
   <file
       path="E:/work/intelFPGA_pro/21.1/quartus/sopc_builder/model/lib/com.altera.utilities.jar" />
   <file
       path="E:/work/intelFPGA_pro/21.1/quartus/sopc_builder/model/lib/commons-lang3-3.9.jar" />
   <file
       path="E:/work/intelFPGA_pro/21.1/quartus/sopc_builder/model/lib/hamcrest-all-1.3.jar" />
   <file
       path="E:/work/intelfpga_pro/21.1/ip/altera/sld/jtag/altera_signaltap_agent/altera_signaltap_agent_hw.tcl" />
   <file
       path="E:/work/intelfpga_pro/21.1/ip/altera/sld/jtag/altera_jtag_wys_atom/altera_jtag_wys_atom_hw.tcl" />
   <file
       path="E:/work/intelfpga_pro/21.1/ip/altera/sld/jtag/altera_sld_jtag_hub/altera_sld_jtag_hub_hw.tcl" />
   <file
       path="E:/work/intelfpga_pro/21.1/ip/altera/sld/core/altera_connection_identification_hub/altera_connection_identification_hub_hw.tcl" />
   <file
       path="E:/work/intelfpga_pro/21.1/ip/altera/sld/conf_reset/conf_reset_hub/intel_configuration_debug_reset_release_hub_hw.tcl" />
   <file
       path="E:/work/intelfpga_pro/21.1/ip/altera/sld/conf_reset/dbg_conf_reset/intel_configuration_reset_release_for_debug_hw.tcl" />
   <file
       path="E:/work/intelfpga_pro/21.1/ip/altera/sld/conf_reset/user_input/intel_configuration_reset_release_to_debug_logic_hw.tcl" />
  </childSourceFiles>
  <messages>
   <message level="Info" culprit="alt_sld_fab_0">"Generating: alt_sld_fab_0"</message>
   <message level="Info" culprit="alt_sld_fab_0">"Generating: alt_sld_fab_0_alt_sld_fab_0_10_mgvf7lq"</message>
   <message level="Info" culprit="alt_sld_fab_0">"Generating: alt_sld_fab_0_alt_sld_fab_1920_j75n7zi"</message>
   <message level="Info" culprit="alt_sld_fab_0">"Generating: altera_signaltap_agent_wrapper"</message>
   <message level="Info" culprit="alt_sld_fab_0">"Generating: altera_jtag_wys_atom"</message>
   <message level="Info" culprit="alt_sld_fab_0">"Generating: alt_sld_fab_0_altera_sld_jtag_hub_1920_pnbbvgy"</message>
   <message level="Info" culprit="alt_sld_fab_0">"Generating: alt_sld_fab_0_altera_connection_identification_hub_1920_chxixfi"</message>
   <message level="Info" culprit="alt_sld_fab_0">"Generating: alt_sld_fab_0_intel_configuration_debug_reset_release_hub_203_vuwprxq"</message>
   <message level="Info" culprit="conf_reset_src">"Generating: conf_reset_src"</message>
   <message level="Info" culprit="grounded_conf_reset_src">"Generating: grounded_conf_reset_src"</message>
   <message level="Info" culprit="alt_sld_fab_0">"Generating: conf_reset_src"</message>
   <message level="Info" culprit="alt_sld_fab_0">"Generating: intel_configuration_reset_release_for_debug"</message>
   <message level="Info" culprit="alt_sld_fab_0">"Generating: grounded_conf_reset_src"</message>
   <message level="Info" culprit="alt_sld_fab_0">"Generating: intel_configuration_reset_release_to_debug_logic"</message>
  </messages>
 </entity>
 <entity
   kind="alt_sld_fab_0"
   version="1.0"
   name="alt_sld_fab_0_alt_sld_fab_0_10_mgvf7lq">
  <parameter name="AUTO_DEVICE" value="10AX048H4F34I3SG" />
  <parameter name="AUTO_DEVICE_FAMILY" value="Arria 10" />
  <parameter name="AUTO_DEVICE_SPEEDGRADE" value="3" />
  <generatedFiles>
   <file
       path="E:\workspace\quartus\pro_21\ad_ch2\qdb\.t\611db9835cb3.tmp\.temp\sld_fabrics\ipgen\alt_sld_fab_0\alt_sld_fab_0\alt_sld_fab_0_10\synth\alt_sld_fab_0_alt_sld_fab_0_10_mgvf7lq.v"
       attributes="CONTAINS_INLINE_CONFIGURATION" />
  </generatedFiles>
  <childGeneratedFiles>
   <file
       path="E:\workspace\quartus\pro_21\ad_ch2\qdb\.t\611db9835cb3.tmp\.temp\sld_fabrics\ipgen\alt_sld_fab_0\alt_sld_fab_0\alt_sld_fab_0_10\synth\alt_sld_fab_0_alt_sld_fab_0_10_mgvf7lq.v"
       attributes="CONTAINS_INLINE_CONFIGURATION" />
  </childGeneratedFiles>
  <sourceFiles>
   <file
       path="E:/workspace/quartus/pro_21/ad_ch2/qdb/.t/611db9835cb3.tmp/.temp/sld_fabrics/ipgen/alt_sld_fab_0/alt_sld_fab_wrapper_hw.tcl" />
  </sourceFiles>
  <childSourceFiles>
   <file
       path="E:/work/intelfpga_pro/21.1/ip/altera/sld/core/altera_instrumentation_fabric/alt_sld_fab_hw.tcl" />
   <file
       path="E:/work/intelFPGA_pro/21.1/ip/altera/sld/core/altera_instrumentation_fabric/com.altera.superfabric.jar" />
   <file
       path="E:/work/intelFPGA_pro/21.1/quartus/sopc_builder/model/lib/com.altera.utilities.jar" />
   <file
       path="E:/work/intelFPGA_pro/21.1/quartus/sopc_builder/model/lib/commons-lang3-3.9.jar" />
   <file
       path="E:/work/intelFPGA_pro/21.1/quartus/sopc_builder/model/lib/hamcrest-all-1.3.jar" />
   <file
       path="E:/work/intelfpga_pro/21.1/ip/altera/sld/jtag/altera_signaltap_agent/altera_signaltap_agent_hw.tcl" />
   <file
       path="E:/work/intelfpga_pro/21.1/ip/altera/sld/jtag/altera_jtag_wys_atom/altera_jtag_wys_atom_hw.tcl" />
   <file
       path="E:/work/intelfpga_pro/21.1/ip/altera/sld/jtag/altera_sld_jtag_hub/altera_sld_jtag_hub_hw.tcl" />
   <file
       path="E:/work/intelfpga_pro/21.1/ip/altera/sld/core/altera_connection_identification_hub/altera_connection_identification_hub_hw.tcl" />
   <file
       path="E:/work/intelfpga_pro/21.1/ip/altera/sld/conf_reset/conf_reset_hub/intel_configuration_debug_reset_release_hub_hw.tcl" />
   <file
       path="E:/work/intelfpga_pro/21.1/ip/altera/sld/conf_reset/dbg_conf_reset/intel_configuration_reset_release_for_debug_hw.tcl" />
   <file
       path="E:/work/intelfpga_pro/21.1/ip/altera/sld/conf_reset/user_input/intel_configuration_reset_release_to_debug_logic_hw.tcl" />
  </childSourceFiles>
  <instantiator instantiator="alt_sld_fab_0" as="alt_sld_fab_0" />
  <messages>
   <message level="Info" culprit="alt_sld_fab_0">"Generating: alt_sld_fab_0_alt_sld_fab_0_10_mgvf7lq"</message>
   <message level="Info" culprit="alt_sld_fab_0">"Generating: alt_sld_fab_0_alt_sld_fab_1920_j75n7zi"</message>
   <message level="Info" culprit="alt_sld_fab_0">"Generating: altera_signaltap_agent_wrapper"</message>
   <message level="Info" culprit="alt_sld_fab_0">"Generating: altera_jtag_wys_atom"</message>
   <message level="Info" culprit="alt_sld_fab_0">"Generating: alt_sld_fab_0_altera_sld_jtag_hub_1920_pnbbvgy"</message>
   <message level="Info" culprit="alt_sld_fab_0">"Generating: alt_sld_fab_0_altera_connection_identification_hub_1920_chxixfi"</message>
   <message level="Info" culprit="alt_sld_fab_0">"Generating: alt_sld_fab_0_intel_configuration_debug_reset_release_hub_203_vuwprxq"</message>
   <message level="Info" culprit="conf_reset_src">"Generating: conf_reset_src"</message>
   <message level="Info" culprit="grounded_conf_reset_src">"Generating: grounded_conf_reset_src"</message>
   <message level="Info" culprit="alt_sld_fab_0">"Generating: conf_reset_src"</message>
   <message level="Info" culprit="alt_sld_fab_0">"Generating: intel_configuration_reset_release_for_debug"</message>
   <message level="Info" culprit="alt_sld_fab_0">"Generating: grounded_conf_reset_src"</message>
   <message level="Info" culprit="alt_sld_fab_0">"Generating: intel_configuration_reset_release_to_debug_logic"</message>
  </messages>
 </entity>
 <entity
   kind="alt_sld_fab"
   version="19.2.0"
   name="alt_sld_fab_0_alt_sld_fab_1920_j75n7zi">
  <parameter name="MAX_WIDTH" value="0" />
  <parameter name="TOP_HUB" value="1" />
  <parameter name="DEVICE_FAMILY" value="Arria 10" />
  <parameter name="SETTINGS" value="" />
  <parameter name="CLOCKS" value="" />
  <parameter name="DESIGN_HASH" value="c366243abff69bbc3494" />
  <parameter name="AUTO_DEVICE_SPEEDGRADE" value="3" />
  <parameter name="MIRROR" value="0" />
  <parameter name="COMPOSED_SETTINGS" value="" />
  <parameter name="AUTO_DEVICE" value="10AX048H4F34I3SG" />
  <parameter name="EP_INFOS" value="" />
  <parameter
     name="AGENTS"
     value="{type altera_signaltap_agent name auto_signaltap_auto_signaltap_1 params {SLD_RAM_BLOCK_TYPE {AUTO} SLD_DATA_BITS {32} SLD_TRIGGER_BITS {32} SLD_STORAGE_QUALIFIER_BITS {32} INSTANCE 1 SLD_NODE_INFO {805334529} SLD_POWER_UP_TRIGGER {0} SLD_INVERSION_MASK {00000000000000000000000000000000000000000000000000000000000000000000000000000000000000000000000000000000000000000000000000000} SLD_INVERSION_MASK_LENGTH {125} SLD_STORAGE_QUALIFIER_INVERSION_MASK_LENGTH {1} SLD_SEGMENT_SIZE {16384} SLD_ATTRIBUTE_MEM_MODE {OFF} SLD_STATE_FLOW_USE_GENERATED {0} SLD_STATE_BITS {11} SLD_BUFFER_FULL_STOP {1} SLD_CURRENT_RESOURCE_WIDTH {1} SLD_STORAGE_QUALIFIER_GAP_RECORD {1} SLD_STORAGE_QUALIFIER_MODE {PORT} SLD_INCREMENTAL_ROUTING {0} SLD_NODE_CRC_LOWORD {18642} SLD_NODE_CRC_HIWORD {10434} SLD_TRIGGER_LEVEL {1} SLD_SAMPLE_DEPTH {16384} SLD_TRIGGER_IN_ENABLED {0} SLD_TRIGGER_PIPELINE {0} SLD_RAM_PIPELINE {1} SLD_COUNTER_PIPELINE {0} SLD_ADVANCED_TRIGGER_ENTITY {basic,1,} SLD_TRIGGER_LEVEL_PIPELINE {1} SLD_ENABLE_ADVANCED_TRIGGER {0} SLD_SECTION_ID auto_signaltap_1} }" />
  <parameter name="NODE_COUNT" value="0" />
  <generatedFiles>
   <file
       path="E:\workspace\quartus\pro_21\ad_ch2\qdb\.t\611db9835cb3.tmp\.temp\sld_fabrics\ipgen\alt_sld_fab_0\alt_sld_fab_0\alt_sld_fab_1920\synth\alt_sld_fab_0_alt_sld_fab_1920_j75n7zi.v"
       attributes="CONTAINS_INLINE_CONFIGURATION" />
  </generatedFiles>
  <childGeneratedFiles>
   <file
       path="E:\workspace\quartus\pro_21\ad_ch2\qdb\.t\611db9835cb3.tmp\.temp\sld_fabrics\ipgen\alt_sld_fab_0\alt_sld_fab_0\alt_sld_fab_1920\synth\alt_sld_fab_0_alt_sld_fab_1920_j75n7zi.v"
       attributes="CONTAINS_INLINE_CONFIGURATION" />
  </childGeneratedFiles>
  <sourceFiles>
   <file
       path="E:/work/intelfpga_pro/21.1/ip/altera/sld/core/altera_instrumentation_fabric/alt_sld_fab_hw.tcl" />
   <file
       path="E:/work/intelFPGA_pro/21.1/ip/altera/sld/core/altera_instrumentation_fabric/com.altera.superfabric.jar" />
   <file
       path="E:/work/intelFPGA_pro/21.1/quartus/sopc_builder/model/lib/com.altera.utilities.jar" />
   <file
       path="E:/work/intelFPGA_pro/21.1/quartus/sopc_builder/model/lib/commons-lang3-3.9.jar" />
   <file
       path="E:/work/intelFPGA_pro/21.1/quartus/sopc_builder/model/lib/hamcrest-all-1.3.jar" />
  </sourceFiles>
  <childSourceFiles>
   <file
       path="E:/work/intelfpga_pro/21.1/ip/altera/sld/jtag/altera_signaltap_agent/altera_signaltap_agent_hw.tcl" />
   <file
       path="E:/work/intelfpga_pro/21.1/ip/altera/sld/jtag/altera_jtag_wys_atom/altera_jtag_wys_atom_hw.tcl" />
   <file
       path="E:/work/intelfpga_pro/21.1/ip/altera/sld/jtag/altera_sld_jtag_hub/altera_sld_jtag_hub_hw.tcl" />
   <file
       path="E:/work/intelfpga_pro/21.1/ip/altera/sld/core/altera_connection_identification_hub/altera_connection_identification_hub_hw.tcl" />
   <file
       path="E:/work/intelfpga_pro/21.1/ip/altera/sld/conf_reset/conf_reset_hub/intel_configuration_debug_reset_release_hub_hw.tcl" />
   <file
       path="E:/work/intelfpga_pro/21.1/ip/altera/sld/conf_reset/dbg_conf_reset/intel_configuration_reset_release_for_debug_hw.tcl" />
   <file
       path="E:/work/intelfpga_pro/21.1/ip/altera/sld/conf_reset/user_input/intel_configuration_reset_release_to_debug_logic_hw.tcl" />
  </childSourceFiles>
  <instantiator
     instantiator="alt_sld_fab_0_alt_sld_fab_0_10_mgvf7lq"
     as="alt_sld_fab_0" />
  <messages>
   <message level="Info" culprit="alt_sld_fab_0">"Generating: alt_sld_fab_0_alt_sld_fab_1920_j75n7zi"</message>
   <message level="Info" culprit="alt_sld_fab_0">"Generating: altera_signaltap_agent_wrapper"</message>
   <message level="Info" culprit="alt_sld_fab_0">"Generating: altera_jtag_wys_atom"</message>
   <message level="Info" culprit="alt_sld_fab_0">"Generating: alt_sld_fab_0_altera_sld_jtag_hub_1920_pnbbvgy"</message>
   <message level="Info" culprit="alt_sld_fab_0">"Generating: alt_sld_fab_0_altera_connection_identification_hub_1920_chxixfi"</message>
   <message level="Info" culprit="alt_sld_fab_0">"Generating: alt_sld_fab_0_intel_configuration_debug_reset_release_hub_203_vuwprxq"</message>
   <message level="Info" culprit="conf_reset_src">"Generating: conf_reset_src"</message>
   <message level="Info" culprit="grounded_conf_reset_src">"Generating: grounded_conf_reset_src"</message>
   <message level="Info" culprit="alt_sld_fab_0">"Generating: conf_reset_src"</message>
   <message level="Info" culprit="alt_sld_fab_0">"Generating: intel_configuration_reset_release_for_debug"</message>
   <message level="Info" culprit="alt_sld_fab_0">"Generating: grounded_conf_reset_src"</message>
   <message level="Info" culprit="alt_sld_fab_0">"Generating: intel_configuration_reset_release_to_debug_logic"</message>
  </messages>
 </entity>
 <entity
   kind="altera_signaltap_agent"
   version="19.2.0"
   name="altera_signaltap_agent_wrapper">
  <parameter name="sld_buffer_full_stop" value="1" />
  <parameter name="sld_use_jtag_signal_adapter" value="0" />
  <parameter name="sld_storage_qualifier_advanced_condition_entity" value="basic" />
  <parameter name="sld_hps_trigger_out_enabled" value="0" />
  <parameter name="sld_node_crc_loword" value="18642" />
  <parameter name="sld_inversion_mask_length" value="125" />
  <parameter name="sld_current_resource_width" value="1" />
  <parameter
     name="sld_inversion_mask"
     value="00000000000000000000000000000000000000000000000000000000000000000000000000000000000000000000000000000000000000000000000000000" />
  <parameter name="sld_node_info" value="805334529" />
  <parameter name="sld_power_up_trigger" value="0" />
  <parameter name="sld_segment_size" value="16384" />
  <parameter name="sld_state_bits" value="11" />
  <parameter name="sld_node_crc_hiword" value="10434" />
  <parameter name="sld_storage_qualifier_enable_advanced_condition" value="0" />
  <parameter name="sld_advanced_trigger_7" value="NONE" />
  <parameter name="SLD_SECTION_ID" value="auto_signaltap_1" />
  <parameter name="sld_advanced_trigger_6" value="NONE" />
  <parameter name="sld_advanced_trigger_5" value="NONE" />
  <parameter name="sld_advanced_trigger_4" value="NONE" />
  <parameter name="sld_advanced_trigger_3" value="NONE" />
  <parameter name="sld_advanced_trigger_2" value="NONE" />
  <parameter name="sld_advanced_trigger_1" value="NONE" />
  <parameter name="sld_storage_qualifier_gap_record" value="1" />
  <parameter name="sld_sample_depth" value="16384" />
  <parameter name="sld_attribute_mem_mode" value="OFF" />
  <parameter name="INSTANCE" value="1" />
  <parameter name="sld_trigger_level_pipeline" value="1" />
  <parameter name="sld_ram_pipeline" value="1" />
  <parameter name="PREFER_HOST" value="" />
  <parameter name="sld_advanced_trigger_9" value="NONE" />
  <parameter name="sld_advanced_trigger_8" value="NONE" />
  <parameter name="sld_ram_block_type" value="AUTO" />
  <parameter name="sld_hps_event_id" value="0" />
  <parameter name="sld_state_flow_use_generated" value="0" />
  <parameter name="device_family" value="Arria 10" />
  <parameter name="sld_advanced_trigger_10" value="NONE" />
  <parameter name="sld_node_crc_bits" value="32" />
  <parameter name="sld_state_flow_mgr_entity" value="state_flow_mgr_entity.vhd" />
  <parameter name="sld_storage_qualifier_inversion_mask_length" value="1" />
  <parameter name="sld_data_bits" value="32" />
  <parameter name="sld_trigger_in_enabled" value="0" />
  <parameter name="sld_storage_qualifier_mode" value="PORT" />
  <parameter name="sld_inversion_mask_mod" value="0" />
  <parameter name="sld_hps_event_enabled" value="0" />
  <parameter name="sld_trigger_pipeline" value="0" />
  <parameter name="sld_hps_trigger_in_enabled" value="0" />
  <parameter name="sld_counter_pipeline" value="0" />
  <parameter name="sld_enable_advanced_trigger" value="0" />
  <parameter name="sld_create_monitor_interface" value="1" />
  <parameter name="sld_storage_qualifier_pipeline" value="0" />
  <parameter name="sld_storage_qualifier_bits" value="32" />
  <parameter name="sld_incremental_routing" value="0" />
  <parameter name="sld_trigger_bits" value="32" />
  <parameter name="sld_trigger_level" value="1" />
  <parameter name="sld_advanced_trigger_entity" value="basic,1," />
  <generatedFiles>
   <file
       path="E:\workspace\quartus\pro_21\ad_ch2\qdb\.t\611db9835cb3.tmp\.temp\sld_fabrics\ipgen\alt_sld_fab_0\alt_sld_fab_0\altera_signaltap_agent_1920\synth\altera_signaltap_agent_wrapper.sv"
       attributes="" />
   <file
       path="E:\workspace\quartus\pro_21\ad_ch2\qdb\.t\611db9835cb3.tmp\.temp\sld_fabrics\ipgen\alt_sld_fab_0\alt_sld_fab_0\altera_signaltap_agent_1920\synth\intel_signal_tap.sdc"
       attributes="NO_SDC_PROMOTION" />
  </generatedFiles>
  <childGeneratedFiles>
   <file
       path="E:\workspace\quartus\pro_21\ad_ch2\qdb\.t\611db9835cb3.tmp\.temp\sld_fabrics\ipgen\alt_sld_fab_0\alt_sld_fab_0\altera_signaltap_agent_1920\synth\altera_signaltap_agent_wrapper.sv"
       attributes="" />
   <file
       path="E:\workspace\quartus\pro_21\ad_ch2\qdb\.t\611db9835cb3.tmp\.temp\sld_fabrics\ipgen\alt_sld_fab_0\alt_sld_fab_0\altera_signaltap_agent_1920\synth\intel_signal_tap.sdc"
       attributes="NO_SDC_PROMOTION" />
  </childGeneratedFiles>
  <sourceFiles>
   <file
       path="E:/work/intelfpga_pro/21.1/ip/altera/sld/jtag/altera_signaltap_agent/altera_signaltap_agent_hw.tcl" />
  </sourceFiles>
  <childSourceFiles/>
  <instantiator
     instantiator="alt_sld_fab_0_alt_sld_fab_1920_j75n7zi"
     as="auto_signaltap_auto_signaltap_1" />
  <messages>
   <message level="Info" culprit="alt_sld_fab_0">"Generating: altera_signaltap_agent_wrapper"</message>
  </messages>
 </entity>
 <entity
   kind="altera_jtag_wys_atom"
   version="19.2.0"
   name="altera_jtag_wys_atom">
  <parameter name="device_family" value="Arria 10" />
  <parameter name="DEVICE_FAMILY_ID" value="12" />
  <generatedFiles>
   <file
       path="E:\workspace\quartus\pro_21\ad_ch2\qdb\.t\611db9835cb3.tmp\.temp\sld_fabrics\ipgen\alt_sld_fab_0\alt_sld_fab_0\altera_jtag_wys_atom_1920\synth\altera_jtag_wys_atom.sv"
       attributes="TOP_LEVEL_FILE" />
  </generatedFiles>
  <childGeneratedFiles>
   <file
       path="E:\workspace\quartus\pro_21\ad_ch2\qdb\.t\611db9835cb3.tmp\.temp\sld_fabrics\ipgen\alt_sld_fab_0\alt_sld_fab_0\altera_jtag_wys_atom_1920\synth\altera_jtag_wys_atom.sv"
       attributes="TOP_LEVEL_FILE" />
  </childGeneratedFiles>
  <sourceFiles>
   <file
       path="E:/work/intelfpga_pro/21.1/ip/altera/sld/jtag/altera_jtag_wys_atom/altera_jtag_wys_atom_hw.tcl" />
  </sourceFiles>
  <childSourceFiles/>
  <instantiator instantiator="alt_sld_fab_0_alt_sld_fab_1920_j75n7zi" as="jtagpins" />
  <messages>
   <message level="Info" culprit="alt_sld_fab_0">"Generating: altera_jtag_wys_atom"</message>
  </messages>
 </entity>
 <entity
   kind="altera_sld_jtag_hub"
   version="19.2.0"
   name="alt_sld_fab_0_altera_sld_jtag_hub_1920_pnbbvgy">
  <parameter name="CONN_INDEX" value="0" />
  <parameter name="N_SEL_BITS" value="1" />
  <parameter name="DEVICE_FAMILY" value="Arria 10" />
  <parameter name="N_NODE_IR_BITS" value="10" />
  <parameter name="BRIDGE_START_INDEX" value="2" />
  <parameter
     name="SETTINGS"
     value="{mfr_code 110 type_code 0 version 6 instance 1 ir_width 10 bridge_agent 0 prefer_host {} } " />
  <parameter name="FORCE_IR_CAPTURE_FEATURE" value="1" />
  <parameter name="USE_TCK_ENA" value="0" />
  <parameter name="BROADCAST_FEATURE" value="0" />
  <parameter name="NODE_INFO" value="00110000000000000110111000000001" />
  <parameter name="COMPILATION_MODE" value="0" />
  <parameter name="ENABLE_SOFT_CORE_CONTROLLER" value="0" />
  <parameter name="NEGEDGE_TDO_LATCH" value="0" />
  <parameter name="FORCE_PRE_1_4_FEATURE" value="0" />
  <parameter name="COUNT" value="1" />
  <parameter name="BRIDGE_HOST" value="0" />
  <generatedFiles>
   <file
       path="E:\workspace\quartus\pro_21\ad_ch2\qdb\.t\611db9835cb3.tmp\.temp\sld_fabrics\ipgen\alt_sld_fab_0\alt_sld_fab_0\altera_sld_jtag_hub_1920\synth\alt_sld_fab_0_altera_sld_jtag_hub_1920_pnbbvgy.vhd"
       attributes="" />
  </generatedFiles>
  <childGeneratedFiles>
   <file
       path="E:\workspace\quartus\pro_21\ad_ch2\qdb\.t\611db9835cb3.tmp\.temp\sld_fabrics\ipgen\alt_sld_fab_0\alt_sld_fab_0\altera_sld_jtag_hub_1920\synth\alt_sld_fab_0_altera_sld_jtag_hub_1920_pnbbvgy.vhd"
       attributes="" />
  </childGeneratedFiles>
  <sourceFiles>
   <file
       path="E:/work/intelfpga_pro/21.1/ip/altera/sld/jtag/altera_sld_jtag_hub/altera_sld_jtag_hub_hw.tcl" />
  </sourceFiles>
  <childSourceFiles/>
  <instantiator instantiator="alt_sld_fab_0_alt_sld_fab_1920_j75n7zi" as="sldfabric" />
  <messages>
   <message level="Info" culprit="alt_sld_fab_0">"Generating: alt_sld_fab_0_altera_sld_jtag_hub_1920_pnbbvgy"</message>
  </messages>
 </entity>
 <entity
   kind="altera_connection_identification_hub"
   version="19.2.0"
   name="alt_sld_fab_0_altera_connection_identification_hub_1920_chxixfi">
  <parameter name="COUNT" value="1" />
  <parameter name="SETTINGS" value="{width 4 latency 0} " />
  <parameter name="DESIGN_HASH" value="c366243abff69bbc3494" />
  <generatedFiles>
   <file
       path="E:\workspace\quartus\pro_21\ad_ch2\qdb\.t\611db9835cb3.tmp\.temp\sld_fabrics\ipgen\alt_sld_fab_0\alt_sld_fab_0\altera_connection_identification_hub_1920\synth\alt_sld_fab_0_altera_connection_identification_hub_1920_chxixfi.sv"
       attributes="TOP_LEVEL_FILE" />
  </generatedFiles>
  <childGeneratedFiles>
   <file
       path="E:\workspace\quartus\pro_21\ad_ch2\qdb\.t\611db9835cb3.tmp\.temp\sld_fabrics\ipgen\alt_sld_fab_0\alt_sld_fab_0\altera_connection_identification_hub_1920\synth\alt_sld_fab_0_altera_connection_identification_hub_1920_chxixfi.sv"
       attributes="TOP_LEVEL_FILE" />
  </childGeneratedFiles>
  <sourceFiles>
   <file
       path="E:/work/intelfpga_pro/21.1/ip/altera/sld/core/altera_connection_identification_hub/altera_connection_identification_hub_hw.tcl" />
  </sourceFiles>
  <childSourceFiles/>
  <instantiator instantiator="alt_sld_fab_0_alt_sld_fab_1920_j75n7zi" as="ident" />
  <messages>
   <message level="Info" culprit="alt_sld_fab_0">"Generating: alt_sld_fab_0_altera_connection_identification_hub_1920_chxixfi"</message>
  </messages>
 </entity>
 <entity
   kind="intel_configuration_debug_reset_release_hub"
   version="20.3"
   name="alt_sld_fab_0_intel_configuration_debug_reset_release_hub_203_vuwprxq">
  <parameter name="SOURCE_PROVIDED" value="0" />
  <parameter name="device_family" value="Arria 10" />
  <parameter name="COUNT" value="2" />
  <parameter name="SETTINGS" value="{is_source 0} {is_source 0} " />
  <parameter name="DEVICE_FAMILY_ID" value="1" />
  <generatedFiles>
   <file
       path="E:\workspace\quartus\pro_21\ad_ch2\qdb\.t\611db9835cb3.tmp\.temp\sld_fabrics\ipgen\alt_sld_fab_0\alt_sld_fab_0\intel_configuration_debug_reset_release_hub_203\synth\alt_sld_fab_0_intel_configuration_debug_reset_release_hub_203_vuwprxq.v"
       attributes="" />
  </generatedFiles>
  <childGeneratedFiles>
   <file
       path="E:\workspace\quartus\pro_21\ad_ch2\qdb\.t\611db9835cb3.tmp\.temp\sld_fabrics\ipgen\alt_sld_fab_0\alt_sld_fab_0\intel_configuration_debug_reset_release_hub_203\synth\alt_sld_fab_0_intel_configuration_debug_reset_release_hub_203_vuwprxq.v"
       attributes="" />
  </childGeneratedFiles>
  <sourceFiles>
   <file
       path="E:/work/intelfpga_pro/21.1/ip/altera/sld/conf_reset/conf_reset_hub/intel_configuration_debug_reset_release_hub_hw.tcl" />
  </sourceFiles>
  <childSourceFiles>
   <file
       path="E:/work/intelfpga_pro/21.1/ip/altera/sld/conf_reset/dbg_conf_reset/intel_configuration_reset_release_for_debug_hw.tcl" />
   <file
       path="E:/work/intelfpga_pro/21.1/ip/altera/sld/conf_reset/user_input/intel_configuration_reset_release_to_debug_logic_hw.tcl" />
  </childSourceFiles>
  <instantiator
     instantiator="alt_sld_fab_0_alt_sld_fab_1920_j75n7zi"
     as="configresetfabric" />
  <messages>
   <message level="Info" culprit="alt_sld_fab_0">"Generating: alt_sld_fab_0_intel_configuration_debug_reset_release_hub_203_vuwprxq"</message>
   <message level="Info" culprit="conf_reset_src">"Generating: conf_reset_src"</message>
   <message level="Info" culprit="grounded_conf_reset_src">"Generating: grounded_conf_reset_src"</message>
   <message level="Info" culprit="alt_sld_fab_0">"Generating: conf_reset_src"</message>
   <message level="Info" culprit="alt_sld_fab_0">"Generating: intel_configuration_reset_release_for_debug"</message>
   <message level="Info" culprit="alt_sld_fab_0">"Generating: grounded_conf_reset_src"</message>
   <message level="Info" culprit="alt_sld_fab_0">"Generating: intel_configuration_reset_release_to_debug_logic"</message>
  </messages>
 </entity>
 <entity
   kind="intel_configuration_debug_reset_release_hub_intel_configuration_reset_release_for_debug"
   version="20.3"
   name="conf_reset_src">
  <generatedFiles>
   <file
       path="E:\workspace\quartus\pro_21\ad_ch2\qdb\.t\611db9835cb3.tmp\.temp\sld_fabrics\ipgen\alt_sld_fab_0\alt_sld_fab_0\intel_configuration_debug_reset_release_hub_203\synth\conf_reset_src.v"
       attributes="CONTAINS_INLINE_CONFIGURATION" />
  </generatedFiles>
  <childGeneratedFiles>
   <file
       path="E:\workspace\quartus\pro_21\ad_ch2\qdb\.t\611db9835cb3.tmp\.temp\sld_fabrics\ipgen\alt_sld_fab_0\alt_sld_fab_0\intel_configuration_debug_reset_release_hub_203\synth\conf_reset_src.v"
       attributes="CONTAINS_INLINE_CONFIGURATION" />
  </childGeneratedFiles>
  <sourceFiles/>
  <childSourceFiles>
   <file
       path="E:/work/intelfpga_pro/21.1/ip/altera/sld/conf_reset/dbg_conf_reset/intel_configuration_reset_release_for_debug_hw.tcl" />
  </childSourceFiles>
  <instantiator
     instantiator="alt_sld_fab_0_intel_configuration_debug_reset_release_hub_203_vuwprxq"
     as="conf_reset_src" />
  <messages>
   <message level="Info" culprit="alt_sld_fab_0">"Generating: conf_reset_src"</message>
   <message level="Info" culprit="alt_sld_fab_0">"Generating: intel_configuration_reset_release_for_debug"</message>
  </messages>
 </entity>
 <entity
   kind="intel_configuration_debug_reset_release_hub_intel_configuration_reset_release_to_debug_logic"
   version="20.3"
   name="grounded_conf_reset_src">
  <generatedFiles>
   <file
       path="E:\workspace\quartus\pro_21\ad_ch2\qdb\.t\611db9835cb3.tmp\.temp\sld_fabrics\ipgen\alt_sld_fab_0\alt_sld_fab_0\intel_configuration_debug_reset_release_hub_203\synth\grounded_conf_reset_src.v"
       attributes="CONTAINS_INLINE_CONFIGURATION" />
  </generatedFiles>
  <childGeneratedFiles>
   <file
       path="E:\workspace\quartus\pro_21\ad_ch2\qdb\.t\611db9835cb3.tmp\.temp\sld_fabrics\ipgen\alt_sld_fab_0\alt_sld_fab_0\intel_configuration_debug_reset_release_hub_203\synth\grounded_conf_reset_src.v"
       attributes="CONTAINS_INLINE_CONFIGURATION" />
  </childGeneratedFiles>
  <sourceFiles/>
  <childSourceFiles>
   <file
       path="E:/work/intelfpga_pro/21.1/ip/altera/sld/conf_reset/user_input/intel_configuration_reset_release_to_debug_logic_hw.tcl" />
  </childSourceFiles>
  <instantiator
     instantiator="alt_sld_fab_0_intel_configuration_debug_reset_release_hub_203_vuwprxq"
     as="grounded_conf_reset_src" />
  <messages>
   <message level="Info" culprit="alt_sld_fab_0">"Generating: grounded_conf_reset_src"</message>
   <message level="Info" culprit="alt_sld_fab_0">"Generating: intel_configuration_reset_release_to_debug_logic"</message>
  </messages>
 </entity>
 <entity
   kind="intel_configuration_reset_release_for_debug"
   version="20.3"
   name="intel_configuration_reset_release_for_debug">
  <generatedFiles>
   <file
       path="E:\workspace\quartus\pro_21\ad_ch2\qdb\.t\611db9835cb3.tmp\.temp\sld_fabrics\ipgen\alt_sld_fab_0\alt_sld_fab_0\intel_configuration_reset_release_for_debug_203\synth\intel_configuration_reset_release_for_debug.v"
       attributes="" />
  </generatedFiles>
  <childGeneratedFiles>
   <file
       path="E:\workspace\quartus\pro_21\ad_ch2\qdb\.t\611db9835cb3.tmp\.temp\sld_fabrics\ipgen\alt_sld_fab_0\alt_sld_fab_0\intel_configuration_reset_release_for_debug_203\synth\intel_configuration_reset_release_for_debug.v"
       attributes="" />
  </childGeneratedFiles>
  <sourceFiles>
   <file
       path="E:/work/intelfpga_pro/21.1/ip/altera/sld/conf_reset/dbg_conf_reset/intel_configuration_reset_release_for_debug_hw.tcl" />
  </sourceFiles>
  <childSourceFiles/>
  <instantiator instantiator="conf_reset_src" as="conf_reset_src" />
  <messages>
   <message level="Info" culprit="alt_sld_fab_0">"Generating: intel_configuration_reset_release_for_debug"</message>
  </messages>
 </entity>
 <entity
   kind="intel_configuration_reset_release_to_debug_logic"
   version="20.3"
   name="intel_configuration_reset_release_to_debug_logic">
  <generatedFiles>
   <file
       path="E:\workspace\quartus\pro_21\ad_ch2\qdb\.t\611db9835cb3.tmp\.temp\sld_fabrics\ipgen\alt_sld_fab_0\alt_sld_fab_0\intel_configuration_reset_release_to_debug_logic_203\synth\intel_configuration_reset_release_to_debug_logic.v"
       attributes="" />
  </generatedFiles>
  <childGeneratedFiles>
   <file
       path="E:\workspace\quartus\pro_21\ad_ch2\qdb\.t\611db9835cb3.tmp\.temp\sld_fabrics\ipgen\alt_sld_fab_0\alt_sld_fab_0\intel_configuration_reset_release_to_debug_logic_203\synth\intel_configuration_reset_release_to_debug_logic.v"
       attributes="" />
  </childGeneratedFiles>
  <sourceFiles>
   <file
       path="E:/work/intelfpga_pro/21.1/ip/altera/sld/conf_reset/user_input/intel_configuration_reset_release_to_debug_logic_hw.tcl" />
  </sourceFiles>
  <childSourceFiles/>
  <instantiator instantiator="grounded_conf_reset_src" as="grounded_conf_reset_src" />
  <messages>
   <message level="Info" culprit="alt_sld_fab_0">"Generating: intel_configuration_reset_release_to_debug_logic"</message>
  </messages>
 </entity>
</deploy>
