# system info sff_i32o32d1k on 2021.08.18.10:17:00
system_info:
name,value
DEVICE,10AX048H4F34I3SG
DEVICE_FAMILY,Arria 10
GENERATION_ID,0
#
#
# Files generated for sff_i32o32d1k on 2021.08.18.10:17:00
files:
filepath,kind,attributes,module,is_top
sim/sff_i32o32d1k.v,VERILOG,CONTAINS_INLINE_CONFIGURATION,sff_i32o32d1k,true
fifo_1910/sim/sff_i32o32d1k_fifo_1910_um2mlqy.v,VERILOG,,sff_i32o32d1k_fifo_1910_um2mlqy,false
fifo_1910/sim/sff_i32o32d1k_fifo_1910_um2mlqy.sdc,SDC_ENTITY,NO_AUTO_INSTANCE_DISCOVERY NO_SDC_PROMOTION,sff_i32o32d1k_fifo_1910_um2mlqy,false
#
# Map from instance-path to kind of module
instances:
instancePath,module
sff_i32o32d1k.fifo_0,sff_i32o32d1k_fifo_1910_um2mlqy
