# system info altclk_region_ip on 2021.09.04.17:30:19
system_info:
name,value
DEVICE,10AX048H4F34I3SG
DEVICE_FAMILY,Arria 10
GENERATION_ID,0
#
#
# Files generated for altclk_region_ip on 2021.09.04.17:30:19
files:
filepath,kind,attributes,module,is_top
sim/altclk_region_ip.v,VERILOG,CONTAINS_INLINE_CONFIGURATION,altclk_region_ip,true
altclkctrl_2000/sim/altclk_region_ip_altclkctrl_2000_4l7vmfq.v,VERILOG,,altclk_region_ip_altclkctrl_2000_4l7vmfq,false
#
# Map from instance-path to kind of module
instances:
instancePath,module
altclk_region_ip.altclkctrl_0,altclk_region_ip_altclkctrl_2000_4l7vmfq
